Plot,Tree,Spec,DBH,Age_AB,HC,Year,Count
MRS7,1,ABLA,27.2,195,1,2016,0
MRS7,1,ABLA,27.2,195,1,2017,4
MRS7,1,ABLA,27.2,195,1,2018,0
MRS7,1,PIEN,31.5,321,1,2016,49
MRS7,1,PIEN,31.5,321,1,2017,6
MRS7,1,PIEN,31.5,321,1,2018,10
MRS7,2,ABLA,24.4,211,1,2016,3
MRS7,2,ABLA,24.4,211,1,2017,0
MRS7,2,ABLA,24.4,211,1,2018,0
MRS7,2,PIEN,32.9,316,1,2016,153
MRS7,2,PIEN,32.9,316,1,2017,70
MRS7,2,PIEN,32.9,316,1,2018,5
MRS7,3,ABLA,33.8,216,1,2016,10
MRS7,3,ABLA,33.8,216,1,2017,3
MRS7,3,ABLA,33.8,216,1,2018,1
MRS7,3,PIEN,26.9,337,1,2016,192
MRS7,3,PIEN,26.9,337,1,2017,0
MRS7,3,PIEN,26.9,337,1,2018,32
MRS7,4,ABLA,28,255,1,2016,3
MRS7,4,ABLA,28,255,1,2017,22
MRS7,4,ABLA,28,255,1,2018,1
MRS7,4,PIEN,34.7,336,1,2016,75
MRS7,4,PIEN,34.7,336,1,2017,6
MRS7,4,PIEN,34.7,336,1,2018,0
MRS7,5,ABLA,18.3,117,1,2016,9
MRS7,5,ABLA,18.3,117,1,2017,0
MRS7,5,ABLA,18.3,117,1,2018,1
MRS7,5,PIEN,24.4,261,1,2016,60
MRS7,5,PIEN,24.4,261,1,2017,28
MRS7,5,PIEN,24.4,261,1,2018,3
MRS7,6,ABLA,20,247,1,2016,0
MRS7,6,ABLA,20,247,1,2017,18
MRS7,6,ABLA,20,247,1,2018,0
MRS7,6,PIEN,43,344,1,2016,8
MRS7,6,PIEN,43,344,1,2017,0
MRS7,6,PIEN,43,344,1,2018,0
MRS7,7,ABLA,25.9,154,1,2016,3
MRS7,7,ABLA,25.9,154,1,2017,3
MRS7,7,ABLA,25.9,154,1,2018,12
MRS7,7,PIEN,36.2,285,1,2016,10
MRS7,7,PIEN,36.2,285,1,2017,35
MRS7,7,PIEN,36.2,285,1,2018,1
MRS7,8,ABLA,19.4,112,1,2016,13
MRS7,8,ABLA,19.4,112,1,2017,35
MRS7,8,ABLA,19.4,112,1,2018,0
MRS7,8,PIEN,19,197,1,2016,55
MRS7,8,PIEN,19,197,1,2017,5
MRS7,8,PIEN,19,197,1,2018,7
MRS7,9,ABLA,17.3,128,1,2016,31
MRS7,9,ABLA,17.3,128,1,2017,0
MRS7,9,ABLA,17.3,128,1,2018,0
MRS7,9,PIEN,23,160,1,2016,271
MRS7,9,PIEN,23,160,1,2017,15
MRS7,9,PIEN,23,160,1,2018,3
MRS7,10,ABLA,24.8,234,1,2016,0
MRS7,10,ABLA,24.8,234,1,2017,0
MRS7,10,ABLA,24.8,234,1,2018,0
MRS7,10,PIEN,33,316,1,2016,5
MRS7,10,PIEN,33,316,1,2017,0
MRS7,10,PIEN,33,316,1,2018,0
MRS7,11,ABLA,31.2,132,1,2016,0
MRS7,11,ABLA,31.2,132,1,2017,30
MRS7,11,ABLA,31.2,132,1,2018,0
MRS7,11,PIEN,25.6,322,1,2016,30
MRS7,11,PIEN,25.6,322,1,2017,38
MRS7,11,PIEN,25.6,322,1,2018,1
MRS7,12,ABLA,32.3,222,1,2016,23
MRS7,12,ABLA,32.3,222,1,2017,1
MRS7,12,ABLA,32.3,222,1,2018,11
MRS7,12,PIEN,21.4,137,1,2016,65
MRS7,12,PIEN,21.4,137,1,2017,45
MRS7,12,PIEN,21.4,137,1,2018,23
MRS7,13,ABLA,25.9,260,1,2016,0
MRS7,13,ABLA,25.9,260,1,2017,0
MRS7,13,ABLA,25.9,260,1,2018,0
MRS7,13,PIEN,19,316,1,2016,152
MRS7,13,PIEN,19,316,1,2017,40
MRS7,13,PIEN,19,316,1,2018,32
MRS7,14,ABLA,18.8,143,1,2016,25
MRS7,14,ABLA,18.8,143,1,2017,6
MRS7,14,ABLA,18.8,143,1,2018,0
MRS7,14,PIEN,33,411,1,2016,43
MRS7,14,PIEN,33,411,1,2017,39
MRS7,14,PIEN,33,411,1,2018,0
MRS7,15,ABLA,16.9,122,1,2016,1
MRS7,15,ABLA,16.9,122,1,2017,28
MRS7,15,ABLA,16.9,122,1,2018,2
MRS7,15,PIEN,23.5,269,1,2016,23
MRS7,15,PIEN,23.5,269,1,2017,12
MRS7,15,PIEN,23.5,269,1,2018,14
MRS7,16,ABLA,36.4,190,1,2016,30
MRS7,16,ABLA,36.4,190,1,2017,15
MRS7,16,ABLA,36.4,190,1,2018,1
MRS7,16,PIEN,20.9,192,1,2016,204
MRS7,16,PIEN,20.9,192,1,2017,9
MRS7,16,PIEN,20.9,192,1,2018,8
MRS7,17,ABLA,22,165,1,2016,10
MRS7,17,ABLA,22,165,1,2017,2
MRS7,17,ABLA,22,165,1,2018,29
MRS7,17,PIEN,29.5,321,1,2016,61
MRS7,17,PIEN,29.5,321,1,2017,21
MRS7,17,PIEN,29.5,321,1,2018,0
MRS7,18,ABLA,21.3,116,1,2016,18
MRS7,18,ABLA,21.3,116,1,2017,6
MRS7,18,ABLA,21.3,116,1,2018,0
MRS7,18,PIEN,30.2,327,2,2016,0
MRS7,18,PIEN,30.2,327,2,2017,2
MRS7,18,PIEN,30.2,327,2,2018,2
MRS7,19,ABLA,8.6,95,1,2016,48
MRS7,19,ABLA,8.6,95,1,2017,25
MRS7,19,ABLA,8.6,95,1,2018,4
MRS7,19,PIEN,32,206,1,2016,61
MRS7,19,PIEN,32,206,1,2017,0
MRS7,19,PIEN,32,206,1,2018,3
MRS7,20,ABLA,23.2,166,1,2016,67
MRS7,20,ABLA,23.2,166,1,2017,0
MRS7,20,ABLA,23.2,166,1,2018,29
MRS7,20,PIEN,25.9,514,1,2016,17
MRS7,20,PIEN,25.9,514,1,2017,25
MRS7,20,PIEN,25.9,514,1,2018,7
MRS7,21,ABLA,17.1,233,2,2016,0
MRS7,21,ABLA,17.1,233,2,2017,6
MRS7,21,ABLA,17.1,233,2,2018,0
MRS7,21,PIEN,19.3,256,2,2016,53
MRS7,21,PIEN,19.3,256,2,2017,0
MRS7,21,PIEN,19.3,256,2,2018,0
MRS7,22,ABLA,30.5,268,2,2016,43
MRS7,22,ABLA,30.5,268,2,2017,0
MRS7,22,ABLA,30.5,268,2,2018,4
MRS7,22,PIEN,15.1,376,2,2016,1
MRS7,22,PIEN,15.1,376,2,2017,0
MRS7,22,PIEN,15.1,376,2,2018,0
MRS7,23,ABLA,22.3,209,2,2016,21
MRS7,23,ABLA,22.3,209,2,2017,0
MRS7,23,ABLA,22.3,209,2,2018,0
MRS7,23,PIEN,20.5,299,2,2016,69
MRS7,23,PIEN,20.5,299,2,2017,0
MRS7,23,PIEN,20.5,299,2,2018,0
MRS7,24,ABLA,11.2,163,2,2016,0
MRS7,24,ABLA,11.2,163,2,2017,0
MRS7,24,ABLA,11.2,163,2,2018,0
MRS7,24,PIEN,18.2,216,2,2016,67
MRS7,24,PIEN,18.2,216,2,2017,15
MRS7,24,PIEN,18.2,216,2,2018,2
MRS7,25,ABLA,19.4,186,2,2016,0
MRS7,25,ABLA,19.4,186,2,2017,0
MRS7,25,ABLA,19.4,186,2,2018,0
MRS7,25,PIEN,5.4,311,2,2016,5
MRS7,25,PIEN,5.4,311,2,2017,0
MRS7,25,PIEN,5.4,311,2,2018,0
MRS7,26,ABLA,17,247,2,2016,0
MRS7,26,ABLA,17,247,2,2017,0
MRS7,26,ABLA,17,247,2,2018,0
MRS7,26,PIEN,25.1,353,2,2016,25
MRS7,26,PIEN,25.1,353,2,2017,10
MRS7,26,PIEN,25.1,353,2,2018,0
MRS7,27,ABLA,15.3,208,2,2016,0
MRS7,27,ABLA,15.3,208,2,2017,0
MRS7,27,ABLA,15.3,208,2,2018,0
MRS7,27,PIEN,19.6,309,2,2016,26
MRS7,27,PIEN,19.6,309,2,2017,0
MRS7,27,PIEN,19.6,309,2,2018,0
MRS7,28,ABLA,13,103,2,2016,0
MRS7,28,ABLA,13,103,2,2017,0
MRS7,28,ABLA,13,103,2,2018,0
MRS7,28,PIEN,22.6,302,2,2016,2
MRS7,28,PIEN,22.6,302,2,2017,5
MRS7,28,PIEN,22.6,302,2,2018,0
MRS7,29,ABLA,18.1,132,2,2016,9
MRS7,29,ABLA,18.1,132,2,2017,20
MRS7,29,ABLA,18.1,132,2,2018,3
MRS7,29,PIEN,19.5,292,2,2016,2
MRS7,29,PIEN,19.5,292,2,2017,0
MRS7,29,PIEN,19.5,292,2,2018,0
MRS7,30,ABLA,17.2,95,2,2016,8
MRS7,30,ABLA,17.2,95,2,2017,55
MRS7,30,ABLA,17.2,95,2,2018,2
MRS7,30,PIEN,14,92,2,2016,124
MRS7,30,PIEN,14,92,2,2017,31
MRS7,30,PIEN,14,92,2,2018,65
MRS7,31,ABLA,11.7,101,2,2016,1
MRS7,31,ABLA,11.7,101,2,2017,3
MRS7,31,ABLA,11.7,101,2,2018,0
MRS7,31,PIEN,13.5,98,2,2016,7
MRS7,31,PIEN,13.5,98,2,2017,25
MRS7,31,PIEN,13.5,98,2,2018,11
MRS7,32,ABLA,15.9,NaN,2,2016,0
MRS7,32,ABLA,15.9,NaN,2,2017,5
MRS7,32,ABLA,15.9,NaN,2,2018,0
MRS7,32,PIEN,16.2,NaN,2,2016,32
MRS7,32,PIEN,16.2,NaN,2,2017,8
MRS7,32,PIEN,16.2,NaN,2,2018,10
MRS7,33,ABLA,8.5,145,2,2016,4
MRS7,33,ABLA,8.5,145,2,2017,4
MRS7,33,ABLA,8.5,145,2,2018,0
MRS7,33,PIEN,14.3,160,2,2016,0
MRS7,33,PIEN,14.3,160,2,2017,0
MRS7,33,PIEN,14.3,160,2,2018,0
MRS7,34,ABLA,14.9,131,2,2016,0
MRS7,34,ABLA,14.9,131,2,2017,10
MRS7,34,ABLA,14.9,131,2,2018,0
MRS7,34,PIEN,21,300,2,2016,0
MRS7,34,PIEN,21,300,2,2017,3
MRS7,34,PIEN,21,300,2,2018,0
MRS7,35,ABLA,7.3,133,2,2016,0
MRS7,35,ABLA,7.3,133,2,2017,0
MRS7,35,ABLA,7.3,133,2,2018,0
MRS7,35,PIEN,21,258,2,2016,9
MRS7,35,PIEN,21,258,2,2017,28
MRS7,35,PIEN,21,258,2,2018,0
MRS7,36,ABLA,25.4,259,2,2016,0
MRS7,36,ABLA,25.4,259,2,2017,7
MRS7,36,ABLA,25.4,259,2,2018,3
MRS7,36,PIEN,18.5,295,2,2016,5
MRS7,36,PIEN,18.5,295,2,2017,1
MRS7,36,PIEN,18.5,295,2,2018,0
MRS7,37,ABLA,10,155,2,2016,0
MRS7,37,ABLA,10,155,2,2017,0
MRS7,37,ABLA,10,155,2,2018,0
MRS7,37,PIEN,13.9,239,2,2016,0
MRS7,37,PIEN,13.9,239,2,2017,3
MRS7,37,PIEN,13.9,239,2,2018,0
MRS7,38,ABLA,16,99,2,2016,12
MRS7,38,ABLA,16,99,2,2017,1
MRS7,38,ABLA,16,99,2,2018,12
MRS7,38,PIEN,21.8,221,2,2016,10
MRS7,38,PIEN,21.8,221,2,2017,75
MRS7,38,PIEN,21.8,221,2,2018,5
MRS7,39,ABLA,8.6,115,2,2016,0
MRS7,39,ABLA,8.6,115,2,2017,0
MRS7,39,ABLA,8.6,115,2,2018,0
MRS7,39,PIEN,15,200,2,2016,52
MRS7,39,PIEN,15,200,2,2017,6
MRS7,39,PIEN,15,200,2,2018,7
MRS7,40,ABLA,10.6,137,2,2016,5
MRS7,40,ABLA,10.6,137,2,2017,4
MRS7,40,ABLA,10.6,137,2,2018,5
MRS7,40,PIEN,17.9,367,2,2016,38
MRS7,40,PIEN,17.9,367,2,2017,4
MRS7,40,PIEN,17.9,367,2,2018,4
MRS7,41,ABLA,15.9,145,3,2016,1
MRS7,41,ABLA,15.9,145,3,2017,8
MRS7,41,ABLA,15.9,145,3,2018,0
MRS7,41,PIEN,6.1,168,3,2016,0
MRS7,41,PIEN,6.1,168,3,2017,0
MRS7,41,PIEN,6.1,168,3,2018,0
MRS7,42,ABLA,10.1,133,3,2016,0
MRS7,42,ABLA,10.1,133,3,2017,8
MRS7,42,ABLA,10.1,133,3,2018,0
MRS7,42,PIEN,6.8,228,3,2016,0
MRS7,42,PIEN,6.8,228,3,2017,0
MRS7,42,PIEN,6.8,228,3,2018,0
MRS7,43,ABLA,8.8,156,3,2016,2
MRS7,43,ABLA,8.8,156,3,2017,7
MRS7,43,ABLA,8.8,156,3,2018,4
MRS7,43,PIEN,6,105,3,2016,0
MRS7,43,PIEN,6,105,3,2017,0
MRS7,43,PIEN,6,105,3,2018,0
MRS7,44,ABLA,6.5,196,3,2016,0
MRS7,44,ABLA,6.5,196,3,2017,0
MRS7,44,ABLA,6.5,196,3,2018,0
MRS7,44,PIEN,7.5,100,3,2016,0
MRS7,44,PIEN,7.5,100,3,2017,1
MRS7,44,PIEN,7.5,100,3,2018,2
MRS7,45,ABLA,16.3,172,3,2016,0
MRS7,45,ABLA,16.3,172,3,2017,7
MRS7,45,ABLA,16.3,172,3,2018,0
MRS7,45,PIEN,5.6,88,3,2016,0
MRS7,45,PIEN,5.6,88,3,2017,0
MRS7,45,PIEN,5.6,88,3,2018,0
MRS7,46,ABLA,10.3,125,3,2016,0
MRS7,46,ABLA,10.3,125,3,2017,0
MRS7,46,ABLA,10.3,125,3,2018,0
MRS7,46,PIEN,13.5,249,3,2016,2
MRS7,46,PIEN,13.5,249,3,2017,0
MRS7,46,PIEN,13.5,249,3,2018,0
MRS7,47,PIEN,12.3,263,3,2016,0
MRS7,47,PIEN,12.3,263,3,2017,0
MRS7,47,PIEN,12.3,263,3,2018,0
MRS7,48,ABLA,7.3,101,3,2016,0
MRS7,48,ABLA,7.3,101,3,2017,14
MRS7,48,ABLA,7.3,101,3,2018,3
MRS7,48,PIEN,4.1,77,3,2016,0
MRS7,48,PIEN,4.1,77,3,2017,0
MRS7,48,PIEN,4.1,77,3,2018,0
MRS7,49,PIEN,4.8,142,3,2016,0
MRS7,49,PIEN,4.8,142,3,2017,0
MRS7,49,PIEN,4.8,142,3,2018,0
MRS7,50,ABLA,6.3,109,3,2016,0
MRS7,50,ABLA,6.3,109,3,2017,0
MRS7,50,ABLA,6.3,109,3,2018,0
MRS7,50,PIEN,8.5,272,3,2016,0
MRS7,50,PIEN,8.5,272,3,2017,0
MRS7,50,PIEN,8.5,272,3,2018,0
MRS7,51,ABLA,6,NaN,3,2016,0
MRS7,51,ABLA,6,NaN,3,2017,0
MRS7,51,ABLA,6,NaN,3,2018,0
MRS7,51,PIEN,10.8,214,3,2016,20
MRS7,51,PIEN,10.8,214,3,2017,2
MRS7,51,PIEN,10.8,214,3,2018,0
MRS7,52,ABLA,6.2,196,3,2016,0
MRS7,52,ABLA,6.2,196,3,2017,0
MRS7,52,ABLA,6.2,196,3,2018,0
MRS7,52,PIEN,7.1,236,3,2016,0
MRS7,52,PIEN,7.1,236,3,2017,0
MRS7,52,PIEN,7.1,236,3,2018,0
MRS7,53,ABLA,6,127,3,2016,0
MRS7,53,ABLA,6,127,3,2017,0
MRS7,53,ABLA,6,127,3,2018,0
MRS7,53,PIEN,12.4,149,3,2016,9
MRS7,53,PIEN,12.4,149,3,2017,15
MRS7,53,PIEN,12.4,149,3,2018,0
MRS7,54,PIEN,14.7,220,3,2016,0
MRS7,54,PIEN,14.7,220,3,2017,0
MRS7,54,PIEN,14.7,220,3,2018,0
MRS7,54,PIEN,20,130,3,2016,0
MRS7,54,PIEN,20,130,3,2017,75
MRS7,54,PIEN,20,130,3,2018,42
MRS7,55,ABLA,10.7,134,3,2016,0
MRS7,55,ABLA,10.7,134,3,2017,0
MRS7,55,ABLA,10.7,134,3,2018,0
MRS7,55,PIEN,6.5,135,3,2016,0
MRS7,55,PIEN,6.5,135,3,2017,0
MRS7,55,PIEN,6.5,135,3,2018,0
MRS7,56,ABLA,4.6,88,3,2016,0
MRS7,56,ABLA,4.6,88,3,2017,0
MRS7,56,ABLA,4.6,88,3,2018,0
MRS7,56,PIEN,4,169,3,2016,0
MRS7,56,PIEN,4,169,3,2017,0
MRS7,56,PIEN,4,169,3,2018,0
MRS7,57,ABLA,6.7,104,3,2016,0
MRS7,57,ABLA,6.7,104,3,2017,0
MRS7,57,ABLA,6.7,104,3,2018,0
MRS7,57,PIEN,11.6,161,3,2016,2
MRS7,57,PIEN,11.6,161,3,2017,1
MRS7,57,PIEN,11.6,161,3,2018,0
MRS7,58,ABLA,5.9,75,3,2016,0
MRS7,58,ABLA,5.9,75,3,2017,0
MRS7,58,ABLA,5.9,75,3,2018,5
MRS7,58,PIEN,5.5,101,3,2016,0
MRS7,58,PIEN,5.5,101,3,2017,0
MRS7,58,PIEN,5.5,101,3,2018,0
MRS7,59,ABLA,5,179,3,2016,0
MRS7,59,ABLA,5,179,3,2017,0
MRS7,59,ABLA,5,179,3,2018,0
MRS7,59,PIEN,5.4,210,3,2016,0
MRS7,59,PIEN,5.4,210,3,2017,0
MRS7,59,PIEN,5.4,210,3,2018,0
MRS7,60,ABLA,7.9,158,3,2016,0
MRS7,60,ABLA,7.9,158,3,2017,0
MRS7,60,ABLA,7.9,158,3,2018,0
MRS7,60,PIEN,5.4,176,3,2016,0
MRS7,60,PIEN,5.4,176,3,2017,0
MRS7,60,PIEN,5.4,176,3,2018,0
MRS7,901,ABLA,4.8,NaN,3,2016,NaN
MRS7,901,ABLA,4.8,NaN,3,2017,NaN
MRS7,901,ABLA,4.8,NaN,3,2018,0
MRS7,902,ABLA,7.8,120,3,2016,NaN
MRS7,902,ABLA,7.8,120,3,2017,NaN
MRS7,902,ABLA,7.8,120,3,2018,0
MRS7,903,ABLA,2.5,NaN,3,2016,NaN
MRS7,903,ABLA,2.5,NaN,3,2017,NaN
MRS7,903,ABLA,2.5,NaN,3,2018,0
MRS7,904,ABLA,3.5,NaN,3,2016,NaN
MRS7,904,ABLA,3.5,NaN,3,2017,NaN
MRS7,904,ABLA,3.5,NaN,3,2018,0
MRS7,905,ABLA,4.5,NaN,3,2016,NaN
MRS7,905,ABLA,4.5,NaN,3,2017,NaN
MRS7,905,ABLA,4.5,NaN,3,2018,0
MRS7,906,PIEN,4,NaN,3,2016,NaN
MRS7,906,PIEN,4,NaN,3,2017,NaN
MRS7,906,PIEN,4,NaN,3,2018,0
MRS7,907,ABLA,5,NaN,3,2016,NaN
MRS7,907,ABLA,5,NaN,3,2017,NaN
MRS7,907,ABLA,5,NaN,3,2018,0
NT1B,1,ABLA,22,94,1,2016,2
NT1B,1,ABLA,22,94,1,2017,8
NT1B,1,ABLA,22,94,1,2018,1
NT1B,1,PIEN,30.5,104,1,2016,33
NT1B,1,PIEN,30.5,104,1,2017,95
NT1B,1,PIEN,30.5,104,1,2018,0
NT1B,2,ABLA,23,104,2,2016,2
NT1B,2,ABLA,23,104,2,2017,93
NT1B,2,ABLA,23,104,2,2018,0
NT1B,2,PIEN,25.3,126,1,2016,280
NT1B,2,PIEN,25.3,126,1,2017,22
NT1B,2,PIEN,25.3,126,1,2018,6
NT1B,3,ABLA,41.5,134,1,2016,2
NT1B,3,ABLA,41.5,134,1,2017,40
NT1B,3,ABLA,41.5,134,1,2018,0
NT1B,3,PIEN,20,106,2,2016,41.5
NT1B,3,PIEN,20,106,2,2017,308
NT1B,3,PIEN,20,106,2,2018,8
NT1B,4,ABLA,22,81,2,2016,10
NT1B,4,ABLA,22,81,2,2017,62
NT1B,4,ABLA,22,81,2,2018,0
NT1B,4,PIEN,37,133,1,2016,630
NT1B,4,PIEN,37,133,1,2017,73.5
NT1B,4,PIEN,37,133,1,2018,20
NT1B,5,ABLA,20.5,98,2,2016,24
NT1B,5,ABLA,20.5,98,2,2017,15
NT1B,5,ABLA,20.5,98,2,2018,3
NT1B,5,PIEN,41.6,121,1,2016,219
NT1B,5,PIEN,41.6,121,1,2017,135.5
NT1B,5,PIEN,41.6,121,1,2018,21
NT1B,6,ABLA,13.5,82,2,2016,0
NT1B,6,ABLA,13.5,82,2,2017,5
NT1B,6,ABLA,13.5,82,2,2018,3
NT1B,6,PIEN,29.3,114,2,2016,166
NT1B,6,PIEN,29.3,114,2,2017,75
NT1B,6,PIEN,29.3,114,2,2018,35
NT1B,7,ABLA,12.3,67,2,2016,8
NT1B,7,ABLA,12.3,67,2,2017,1
NT1B,7,ABLA,12.3,67,2,2018,0
NT1B,7,PIEN,26.5,110,2,2016,196
NT1B,7,PIEN,26.5,110,2,2017,105
NT1B,7,PIEN,26.5,110,2,2018,9
NT1B,8,ABLA,16.4,86,2,2016,2
NT1B,8,ABLA,16.4,86,2,2017,0
NT1B,8,ABLA,16.4,86,2,2018,0
NT1B,8,PIEN,19,103,2,2016,20
NT1B,8,PIEN,19,103,2,2017,65
NT1B,8,PIEN,19,103,2,2018,4
NT1B,9,ABLA,10.7,75,2,2016,3
NT1B,9,ABLA,10.7,75,2,2017,14
NT1B,9,ABLA,10.7,75,2,2018,0
NT1B,9,PIEN,10.5,85,3,2016,8
NT1B,9,PIEN,10.5,85,3,2017,8
NT1B,9,PIEN,10.5,85,3,2018,0
NT1B,10,ABLA,11.1,62,3,2016,0
NT1B,10,ABLA,11.1,62,3,2017,20
NT1B,10,ABLA,11.1,62,3,2018,0
NT1B,10,PIEN,26.2,113,2,2016,138
NT1B,10,PIEN,26.2,113,2,2017,5
NT1B,10,PIEN,26.2,113,2,2018,150
NT1B,11,ABLA,9.9,63,3,2016,0
NT1B,11,ABLA,9.9,63,3,2017,0
NT1B,11,ABLA,9.9,63,3,2018,1
NT1B,11,PIEN,7,84,3,2016,0
NT1B,11,PIEN,7,84,3,2017,0
NT1B,11,PIEN,7,84,3,2018,0
NT1B,12,ABLA,8.3,85,3,2016,2
NT1B,12,ABLA,8.3,85,3,2017,3
NT1B,12,ABLA,8.3,85,3,2018,3
NT1B,12,PIEN,6.2,88,3,2016,0
NT1B,12,PIEN,6.2,88,3,2017,0
NT1B,12,PIEN,6.2,88,3,2018,0
NT1B,13,ABLA,9.7,84,2,2016,0
NT1B,13,ABLA,9.7,84,2,2017,7
NT1B,13,ABLA,9.7,84,2,2018,8
NT1B,13,PIEN,7.5,74,3,2016,0
NT1B,13,PIEN,7.5,74,3,2017,0
NT1B,13,PIEN,7.5,74,3,2018,0
NT1B,14,ABLA,5.3,57,3,2016,2
NT1B,14,ABLA,5.3,57,3,2017,4
NT1B,14,ABLA,5.3,57,3,2018,0
NT1B,14,PIEN,5.2,64,3,2016,0
NT1B,14,PIEN,5.2,64,3,2017,0
NT1B,14,PIEN,5.2,64,3,2018,0
NT1B,15,ABLA,4.8,46,3,2016,0
NT1B,15,ABLA,4.8,46,3,2017,0
NT1B,15,ABLA,4.8,46,3,2018,0
NT1B,15,PIEN,5.5,67,3,2016,0
NT1B,15,PIEN,5.5,67,3,2017,0
NT1B,15,PIEN,5.5,67,3,2018,0
NT1B,16,ABLA,17.2,90,2,2016,5
NT1B,16,ABLA,17.2,90,2,2017,20
NT1B,16,ABLA,17.2,90,2,2018,2
NT1B,16,PIEN,45,139,1,2016,112
NT1B,16,PIEN,45,139,1,2017,20
NT1B,16,PIEN,45,139,1,2018,20
NT1B,17,ABLA,3.4,59,3,2016,0
NT1B,17,ABLA,3.4,59,3,2017,0
NT1B,17,ABLA,3.4,59,3,2018,0
NT1B,17,PIEN,1.5,NaN,3,2016,NaN
NT1B,17,PIEN,1.5,NaN,3,2017,NaN
NT1B,17,PIEN,1.5,NaN,3,2018,0
NT1B,18,ABLA,19,93,2,2016,0
NT1B,18,ABLA,19,93,2,2017,13
NT1B,18,ABLA,19,93,2,2018,0
NT1B,18,PIEN,3,68,3,2016,NaN
NT1B,18,PIEN,3,68,3,2017,NaN
NT1B,18,PIEN,3,68,3,2018,0
NT1B,19,PIEN,1.5,NaN,3,2016,NaN
NT1B,19,PIEN,1.5,NaN,3,2017,NaN
NT1B,19,PIEN,1.5,NaN,3,2018,0
NT1B,20,PIEN,2,NaN,3,2016,NaN
NT1B,20,PIEN,2,NaN,3,2017,NaN
NT1B,20,PIEN,2,NaN,3,2018,0
NT2B,1,ABLA,19,115,1,2016,34
NT2B,1,ABLA,19,115,1,2017,35
NT2B,1,ABLA,19,115,1,2018,0
NT2B,1,PIEN,25,123,1,2016,11.5
NT2B,1,PIEN,25,123,1,2017,95
NT2B,1,PIEN,25,123,1,2018,4
NT2B,2,PIEN,26.7,106,1,2016,194.5
NT2B,2,PIEN,26.7,106,1,2017,244.5
NT2B,2,PIEN,26.7,106,1,2018,45
NT2B,3,ABLA,17.9,79,2,2016,19
NT2B,3,ABLA,17.9,79,2,2017,40
NT2B,3,ABLA,17.9,79,2,2018,0
NT2B,3,PIEN,40.5,121,1,2016,166.5
NT2B,3,PIEN,40.5,121,1,2017,107
NT2B,3,PIEN,40.5,121,1,2018,163
NT2B,4,ABLA,22.5,101,2,2016,7
NT2B,4,ABLA,22.5,101,2,2017,75
NT2B,4,ABLA,22.5,101,2,2018,0
NT2B,4,PIEN,30.5,138,1,2016,337
NT2B,4,PIEN,30.5,138,1,2017,217
NT2B,4,PIEN,30.5,138,1,2018,70
NT2B,5,ABLA,27.5,89,1,2016,5
NT2B,5,ABLA,27.5,89,1,2017,140
NT2B,5,ABLA,27.5,89,1,2018,5
NT2B,5,PIEN,24.1,128,1,2016,385.5
NT2B,5,PIEN,24.1,128,1,2017,446
NT2B,5,PIEN,24.1,128,1,2018,37
NT2B,6,ABLA,21.8,83,1,2016,2
NT2B,6,ABLA,21.8,83,1,2017,5
NT2B,6,ABLA,21.8,83,1,2018,0
NT2B,6,PIEN,24.5,111,1,2016,95
NT2B,6,PIEN,24.5,111,1,2017,336
NT2B,6,PIEN,24.5,111,1,2018,15
NT2B,7,ABLA,35,115,1,2016,2
NT2B,7,ABLA,35,115,1,2017,25
NT2B,7,ABLA,35,115,1,2018,0
NT2B,7,PIEN,20,76,1,2016,143
NT2B,7,PIEN,20,76,1,2017,201.5
NT2B,7,PIEN,20,76,1,2018,135
NT2B,8,ABLA,24.2,115,1,2016,17
NT2B,8,ABLA,24.2,115,1,2017,16
NT2B,8,ABLA,24.2,115,1,2018,3
NT2B,8,PIEN,25.5,125,1,2016,362
NT2B,8,PIEN,25.5,125,1,2017,53
NT2B,8,PIEN,25.5,125,1,2018,45
NT2B,9,ABLA,29,112,1,2016,23
NT2B,9,ABLA,29,112,1,2017,144
NT2B,9,ABLA,29,112,1,2018,0
NT2B,9,PIEN,16.8,87,1,2016,145.5
NT2B,9,PIEN,16.8,87,1,2017,95
NT2B,9,PIEN,16.8,87,1,2018,55
NT2B,10,ABLA,38,128,1,2016,37
NT2B,10,ABLA,38,128,1,2017,118
NT2B,10,ABLA,38,128,1,2018,13
NT2B,10,PIEN,19.4,103,1,2016,207
NT2B,10,PIEN,19.4,103,1,2017,157
NT2B,10,PIEN,19.4,103,1,2018,65
NT2B,11,ABLA,14.4,56,2,2016,57
NT2B,11,ABLA,14.4,56,2,2017,20
NT2B,11,ABLA,14.4,56,2,2018,1
NT2B,11,PIEN,7.7,NaN,2,2016,0
NT2B,11,PIEN,7.7,NaN,2,2017,8
NT2B,11,PIEN,7.7,NaN,2,2018,7
NT2B,12,ABLA,11.6,86,2,2016,0
NT2B,12,ABLA,11.6,86,2,2017,0
NT2B,12,ABLA,11.6,86,2,2018,0
NT2B,12,PIEN,6.4,56,2,2016,0
NT2B,12,PIEN,6.4,56,2,2017,0
NT2B,12,PIEN,6.4,56,2,2018,22
NT2B,13,ABLA,8.5,58,3,2016,0
NT2B,13,ABLA,8.5,58,3,2017,1
NT2B,13,ABLA,8.5,58,3,2018,0
NT2B,13,PIEN,7.3,62,2,2016,0
NT2B,13,PIEN,7.3,62,2,2017,0
NT2B,13,PIEN,7.3,62,2,2018,1
NT2B,14,ABLA,5.7,55,2,2016,0
NT2B,14,ABLA,5.7,55,2,2017,0
NT2B,14,ABLA,5.7,55,2,2018,0
NT2B,14,PIEN,8.9,84,2,2016,61
NT2B,14,PIEN,8.9,84,2,2017,55
NT2B,14,PIEN,8.9,84,2,2018,2
NT2B,15,ABLA,6.6,51,3,2016,0
NT2B,15,ABLA,6.6,51,3,2017,3
NT2B,15,ABLA,6.6,51,3,2018,1
NT2B,15,PIEN,7.2,90,2,2016,8
NT2B,15,PIEN,7.2,90,2,2017,21
NT2B,15,PIEN,7.2,90,2,2018,5
NT2B,16,ABLA,10.2,76,2,2016,4
NT2B,16,ABLA,10.2,76,2,2017,0
NT2B,16,ABLA,10.2,76,2,2018,0
NT2B,16,PIEN,8.5,70,2,2016,0
NT2B,16,PIEN,8.5,70,2,2017,0
NT2B,16,PIEN,8.5,70,2,2018,4
NT2B,17,ABLA,10.5,68,2,2016,0
NT2B,17,ABLA,10.5,68,2,2017,7
NT2B,17,ABLA,10.5,68,2,2018,1
NT2B,17,PIEN,7.8,70,2,2016,0
NT2B,17,PIEN,7.8,70,2,2017,0
NT2B,17,PIEN,7.8,70,2,2018,0
NT2B,18,ABLA,10,64,3,2016,11
NT2B,18,ABLA,10,64,3,2017,0
NT2B,18,ABLA,10,64,3,2018,2
NT2B,18,PIEN,6.8,65,2,2016,3
NT2B,18,PIEN,6.8,65,2,2017,24
NT2B,18,PIEN,6.8,65,2,2018,1
NT2B,19,ABLA,12,62,2,2016,0
NT2B,19,ABLA,12,62,2,2017,1
NT2B,19,ABLA,12,62,2,2018,0
NT2B,20,ABLA,7.3,59,2,2016,0
NT2B,20,ABLA,7.3,59,2,2017,0
NT2B,20,ABLA,7.3,59,2,2018,2
NT2B,20,PIEN,7.5,48,2,2016,0
NT2B,20,PIEN,7.5,48,2,2017,55
NT2B,20,PIEN,7.5,48,2,2018,10
NT2B,21,PIEN,6,62,3,2016,0
NT2B,21,PIEN,6,62,3,2017,0
NT2B,21,PIEN,6,62,3,2018,0
NT2B,22,ABLA,4.4,46,3,2016,0
NT2B,22,ABLA,4.4,46,3,2017,0
NT2B,22,ABLA,4.4,46,3,2018,0
NT2B,22,PIEN,7.3,70,3,2016,1
NT2B,22,PIEN,7.3,70,3,2017,75
NT2B,22,PIEN,7.3,70,3,2018,55
NT2B,23,ABLA,4.5,56,3,2016,0
NT2B,23,ABLA,4.5,56,3,2017,0
NT2B,23,ABLA,4.5,56,3,2018,0
NT2B,23,PIEN,6.1,64,3,2016,17
NT2B,23,PIEN,6.1,64,3,2017,262
NT2B,23,PIEN,6.1,64,3,2018,55
NT2B,24,ABLA,5,65,3,2016,0
NT2B,24,ABLA,5,65,3,2017,1
NT2B,24,ABLA,5,65,3,2018,0
NT2B,24,PIEN,4.4,59,3,2016,2
NT2B,24,PIEN,4.4,59,3,2017,2
NT2B,24,PIEN,4.4,59,3,2018,1
NT2B,25,ABLA,5.5,37,3,2016,2
NT2B,25,ABLA,5.5,37,3,2017,6
NT2B,25,ABLA,5.5,37,3,2018,14
NT2B,25,PIEN,4.6,63,3,2016,0
NT2B,25,PIEN,4.6,63,3,2017,0
NT2B,25,PIEN,4.6,63,3,2018,48
NT2B,26,ABLA,4,56,3,2016,0
NT2B,26,ABLA,4,56,3,2017,0
NT2B,26,ABLA,4,56,3,2018,0
NT2B,26,PIEN,4,57,3,2016,0
NT2B,26,PIEN,4,57,3,2017,0
NT2B,26,PIEN,4,57,3,2018,0
NT2B,27,ABLA,6.4,57,3,2016,0
NT2B,27,ABLA,6.4,57,3,2017,15
NT2B,27,ABLA,6.4,57,3,2018,0
NT2B,27,PIEN,4.9,65,3,2016,0
NT2B,27,PIEN,4.9,65,3,2017,1
NT2B,27,PIEN,4.9,65,3,2018,0
NT2B,28,ABLA,5,62,3,2016,0
NT2B,28,ABLA,5,62,3,2017,NaN
NT2B,28,ABLA,5,62,3,2018,0
NT2B,28,PIEN,6.2,64,3,2016,0
NT2B,28,PIEN,6.2,64,3,2017,25
NT2B,28,PIEN,6.2,64,3,2018,0
NT2B,29,ABLA,7,46,2,2016,0
NT2B,29,ABLA,7,46,2,2017,NaN
NT2B,29,ABLA,7,46,2,2018,0
NT2B,29,PIEN,5.1,55,3,2016,2
NT2B,29,PIEN,5.1,55,3,2017,25
NT2B,29,PIEN,5.1,55,3,2018,55
NT2B,30,ABLA,12,55,2,2016,0
NT2B,30,ABLA,12,55,2,2017,NaN
NT2B,30,ABLA,12,55,2,2018,0
NT2B,30,PIEN,4.4,NaN,3,2016,0
NT2B,30,PIEN,4.4,NaN,3,2017,0
NT2B,30,PIEN,4.4,NaN,3,2018,9
NT2B,31,ABLA,7,62,3,2016,0
NT2B,31,ABLA,7,62,3,2017,NaN
NT2B,31,ABLA,7,62,3,2018,0
NT2B,31,PIEN,5.3,48,3,2016,0
NT2B,31,PIEN,5.3,48,3,2017,0
NT2B,31,PIEN,5.3,48,3,2018,0
NT2B,32,ABLA,1,NaN,3,2016,NaN
NT2B,32,ABLA,1,NaN,3,2017,NaN
NT2B,32,ABLA,1,NaN,3,2018,0
NT2B,32,PIEN,8,73,2,2016,NaN
NT2B,32,PIEN,8,73,2,2017,65
NT2B,32,PIEN,8,73,2,2018,27
NT2B,33,ABLA,2,NaN,3,2016,NaN
NT2B,33,ABLA,2,NaN,3,2017,NaN
NT2B,33,ABLA,2,NaN,3,2018,0
NT2B,33,PIEN,7,84,3,2016,31
NT2B,33,PIEN,7,84,3,2017,109
NT2B,33,PIEN,7,84,3,2018,0
NT2B,34,ABLA,1,NaN,3,2016,NaN
NT2B,34,ABLA,1,NaN,3,2017,NaN
NT2B,34,ABLA,1,NaN,3,2018,0
NT2B,34,PIEN,4,44,3,2016,NaN
NT2B,34,PIEN,4,44,3,2017,1
NT2B,34,PIEN,4,44,3,2018,6
NT2B,35,ABLA,3,NaN,3,2016,NaN
NT2B,35,ABLA,3,NaN,3,2017,NaN
NT2B,35,ABLA,3,NaN,3,2018,0
NT2B,35,PIEN,4.2,56,3,2016,NaN
NT2B,35,PIEN,4.2,56,3,2017,0
NT2B,35,PIEN,4.2,56,3,2018,0
NT2B,36,PIEN,5.7,73,3,2016,NaN
NT2B,36,PIEN,5.7,73,3,2017,NaN
NT2B,36,PIEN,5.7,73,3,2018,88
NT2B,39,PIEN,6.9,44,2,2016,NaN
NT2B,39,PIEN,6.9,44,2,2017,NaN
NT2B,39,PIEN,6.9,44,2,2018,106
NT2B,40,PIEN,7.8,64,2,2016,NaN
NT2B,40,PIEN,7.8,64,2,2017,36
NT2B,40,PIEN,7.8,64,2,2018,69
NT2B,41,PIEN,9.8,72,2,2016,NaN
NT2B,41,PIEN,9.8,72,2,2017,NaN
NT2B,41,PIEN,9.8,72,2,2018,NaN
NT2B,42,PIEN,7.2,55,2,2016,NaN
NT2B,42,PIEN,7.2,55,2,2017,NaN
NT2B,42,PIEN,7.2,55,2,2018,148
NT2B,44,PIEN,5.2,55,3,2016,NaN
NT2B,44,PIEN,5.2,55,3,2017,NaN
NT2B,44,PIEN,5.2,55,3,2018,85
NT2B,46,PIEN,4,48,3,2016,NaN
NT2B,46,PIEN,4,48,3,2017,0
NT2B,46,PIEN,4,48,3,2018,1
NT2B,47,PIEN,4,35,3,2016,NaN
NT2B,47,PIEN,4,35,3,2017,0
NT2B,47,PIEN,4,35,3,2018,82
NT2B,48,PIEN,1.5,NaN,3,2016,NaN
NT2B,48,PIEN,1.5,NaN,3,2017,NaN
NT2B,48,PIEN,1.5,NaN,3,2018,0
NT2B,49,PIEN,2,NaN,3,2016,NaN
NT2B,49,PIEN,2,NaN,3,2017,NaN
NT2B,49,PIEN,2,NaN,3,2018,0
NT2B,50,PIEN,1,NaN,3,2016,NaN
NT2B,50,PIEN,1,NaN,3,2017,NaN
NT2B,50,PIEN,1,NaN,3,2018,0
RP1B,1,ABLA,30.5,120,1,2016,10
RP1B,1,ABLA,30.5,120,1,2017,19
RP1B,1,ABLA,30.5,120,1,2018,0
RP1B,1,PIEN,21.3,77,1,2016,145
RP1B,1,PIEN,21.3,77,1,2017,227
RP1B,1,PIEN,21.3,77,1,2018,0
RP1B,2,ABLA,19.5,98,1,2016,11
RP1B,2,ABLA,19.5,98,1,2017,40
RP1B,2,ABLA,19.5,98,1,2018,0
RP1B,2,PIEN,22.5,75,1,2016,144
RP1B,2,PIEN,22.5,75,1,2017,55
RP1B,2,PIEN,22.5,75,1,2018,4
RP1B,3,ABLA,19.5,102,1,2016,118
RP1B,3,ABLA,19.5,102,1,2017,22
RP1B,3,ABLA,19.5,102,1,2018,2
RP1B,3,PIEN,22.4,99,1,2016,66.5
RP1B,3,PIEN,22.4,99,1,2017,146
RP1B,3,PIEN,22.4,99,1,2018,20
RP1B,4,ABLA,37,119,1,2016,26
RP1B,4,ABLA,37,119,1,2017,58
RP1B,4,ABLA,37,119,1,2018,0
RP1B,4,PIEN,19.3,88,1,2016,205
RP1B,4,PIEN,19.3,88,1,2017,93
RP1B,4,PIEN,19.3,88,1,2018,78.5
RP1B,5,ABLA,17,60,1,2016,3
RP1B,5,ABLA,17,60,1,2017,77
RP1B,5,ABLA,17,60,1,2018,0
RP1B,5,PIEN,19.2,96,1,2016,54
RP1B,5,PIEN,19.2,96,1,2017,68
RP1B,5,PIEN,19.2,96,1,2018,45
RP1B,6,ABLA,19.5,65,1,2016,11
RP1B,6,ABLA,19.5,65,1,2017,5
RP1B,6,ABLA,19.5,65,1,2018,2
RP1B,6,PIEN,25.5,118,1,2016,163.5
RP1B,6,PIEN,25.5,118,1,2017,4
RP1B,6,PIEN,25.5,118,1,2018,12
RP1B,7,ABLA,32.5,98,1,2016,8
RP1B,7,ABLA,32.5,98,1,2017,15
RP1B,7,ABLA,32.5,98,1,2018,2
RP1B,7,PIEN,22,119,1,2016,14.5
RP1B,7,PIEN,22,119,1,2017,12
RP1B,7,PIEN,22,119,1,2018,15
RP1B,8,ABLA,24.8,108,1,2016,20
RP1B,8,ABLA,24.8,108,1,2017,0
RP1B,8,ABLA,24.8,108,1,2018,0
RP1B,8,PIEN,26,116,1,2016,218
RP1B,8,PIEN,26,116,1,2017,123
RP1B,8,PIEN,26,116,1,2018,22
RP1B,9,ABLA,21,89,2,2016,62
RP1B,9,ABLA,21,89,2,2017,25
RP1B,9,ABLA,21,89,2,2018,0
RP1B,9,PIEN,10,58,2,2016,6
RP1B,9,PIEN,10,58,2,2017,96.5
RP1B,9,PIEN,10,58,2,2018,8
RP1B,10,ABLA,11,65,2,2016,8
RP1B,10,ABLA,11,65,2,2017,51
RP1B,10,ABLA,11,65,2,2018,0
RP1B,10,PIEN,11.5,54,2,2016,78
RP1B,10,PIEN,11.5,54,2,2017,125
RP1B,10,PIEN,11.5,54,2,2018,17
RP1B,11,ABLA,12,51,2,2016,2
RP1B,11,ABLA,12,51,2,2017,24
RP1B,11,ABLA,12,51,2,2018,1
RP1B,11,PIEN,13,51,2,2016,55
RP1B,11,PIEN,13,51,2,2017,272
RP1B,11,PIEN,13,51,2,2018,8
RP1B,12,ABLA,14.5,56,2,2016,31
RP1B,12,ABLA,14.5,56,2,2017,67
RP1B,12,ABLA,14.5,56,2,2018,0
RP1B,12,PIEN,14.5,61,2,2016,1
RP1B,12,PIEN,14.5,61,2,2017,56
RP1B,12,PIEN,14.5,61,2,2018,0
RP1B,13,ABLA,11.5,55,2,2016,25
RP1B,13,ABLA,11.5,55,2,2017,25
RP1B,13,ABLA,11.5,55,2,2018,0
RP1B,13,PIEN,15,70,2,2016,240
RP1B,13,PIEN,15,70,2,2017,101.5
RP1B,13,PIEN,15,70,2,2018,4
RP1B,14,ABLA,19,84,2,2016,2
RP1B,14,ABLA,19,84,2,2017,14
RP1B,14,ABLA,19,84,2,2018,2
RP1B,14,PIEN,10.5,58,2,2016,0
RP1B,14,PIEN,10.5,58,2,2017,18
RP1B,14,PIEN,10.5,58,2,2018,6
RP1B,15,ABLA,15.5,63,2,2016,115.5
RP1B,15,ABLA,15.5,63,2,2017,13
RP1B,15,ABLA,15.5,63,2,2018,20
RP1B,15,PIEN,11.8,50,2,2016,3
RP1B,15,PIEN,11.8,50,2,2017,271.5
RP1B,15,PIEN,11.8,50,2,2018,5
RP1B,16,ABLA,13,68,2,2016,NaN
RP1B,16,ABLA,13,68,2,2017,15
RP1B,16,ABLA,13,68,2,2018,0
RP1B,16,PIEN,10.8,55,2,2016,24
RP1B,16,PIEN,10.8,55,2,2017,71
RP1B,16,PIEN,10.8,55,2,2018,7
RP1B,17,ABLA,6.5,38,3,2016,0
RP1B,17,ABLA,6.5,38,3,2017,9
RP1B,17,ABLA,6.5,38,3,2018,0
RP1B,17,PIEN,8.4,114,3,2016,0
RP1B,17,PIEN,8.4,114,3,2017,0
RP1B,17,PIEN,8.4,114,3,2018,0
RP1B,18,ABLA,10.3,70,3,2016,0
RP1B,18,ABLA,10.3,70,3,2017,14
RP1B,18,ABLA,10.3,70,3,2018,0
RP1B,18,PIEN,7.3,52,3,2016,0
RP1B,18,PIEN,7.3,52,3,2017,0
RP1B,18,PIEN,7.3,52,3,2018,0
RP1B,19,PIEN,6,36,3,2016,13
RP1B,19,PIEN,6,36,3,2017,78
RP1B,19,PIEN,6,36,3,2018,4
RP1B,20,ABLA,8.5,56,3,2016,31
RP1B,20,ABLA,8.5,56,3,2017,0
RP1B,20,ABLA,8.5,56,3,2018,0
RP1B,20,PIEN,11.2,106,3,2016,0
RP1B,20,PIEN,11.2,106,3,2017,17
RP1B,20,PIEN,11.2,106,3,2018,4
RP1B,21,ABLA,5.8,50,3,2016,0
RP1B,21,ABLA,5.8,50,3,2017,0
RP1B,21,ABLA,5.8,50,3,2018,0
RP1B,21,PIEN,6,102,3,2016,0
RP1B,21,PIEN,6,102,3,2017,0
RP1B,21,PIEN,6,102,3,2018,0
RP1B,22,ABLA,6.5,55,3,2016,0
RP1B,22,ABLA,6.5,55,3,2017,0
RP1B,22,ABLA,6.5,55,3,2018,0
RP1B,22,PIEN,5,42,3,2016,1
RP1B,22,PIEN,5,42,3,2017,0
RP1B,22,PIEN,5,42,3,2018,0
RP1B,23,ABLA,4.7,50,3,2016,0
RP1B,23,ABLA,4.7,50,3,2017,0
RP1B,23,ABLA,4.7,50,3,2018,0
RP1B,23,PIEN,6.7,50,3,2016,0
RP1B,23,PIEN,6.7,50,3,2017,2
RP1B,23,PIEN,6.7,50,3,2018,0
RP1B,24,ABLA,9.3,NaN,3,2016,10
RP1B,24,ABLA,9.3,NaN,3,2017,5
RP1B,24,ABLA,9.3,NaN,3,2018,0
RP1B,24,PIEN,7,50,3,2016,0
RP1B,24,PIEN,7,50,3,2017,5
RP1B,24,PIEN,7,50,3,2018,0
RP1B,25,ABLA,2.5,NaN,3,2016,NaN
RP1B,25,ABLA,2.5,NaN,3,2017,NaN
RP1B,25,ABLA,2.5,NaN,3,2018,0
RP1B,25,PIEN,2,NaN,3,2016,NaN
RP1B,25,PIEN,2,NaN,3,2017,NaN
RP1B,25,PIEN,2,NaN,3,2018,0
RP1B,26,ABLA,3.5,NaN,3,2016,NaN
RP1B,26,ABLA,3.5,NaN,3,2017,NaN
RP1B,26,ABLA,3.5,NaN,3,2018,0
RP1B,26,PIEN,1,NaN,3,2016,NaN
RP1B,26,PIEN,1,NaN,3,2017,NaN
RP1B,26,PIEN,1,NaN,3,2018,0
RP1B,27,ABLA,1.5,NaN,3,2016,NaN
RP1B,27,ABLA,1.5,NaN,3,2017,NaN
RP1B,27,ABLA,1.5,NaN,3,2018,0
RP1B,27,PIEN,3,NaN,3,2016,NaN
RP1B,27,PIEN,3,NaN,3,2017,NaN
RP1B,27,PIEN,3,NaN,3,2018,0
RP1U,1,ABLA,42.7,410,1,2016,21
RP1U,1,ABLA,42.7,410,1,2017,4
RP1U,1,ABLA,42.7,410,1,2018,0
RP1U,1,PIEN,45,291,1,2016,148
RP1U,1,PIEN,45,291,1,2017,550.5
RP1U,1,PIEN,45,291,1,2018,5
RP1U,2,ABLA,30,253,1,2016,54
RP1U,2,ABLA,30,253,1,2017,12
RP1U,2,ABLA,30,253,1,2018,0
RP1U,2,PIEN,37,376,1,2016,31
RP1U,2,PIEN,37,376,1,2017,12
RP1U,2,PIEN,37,376,1,2018,0
RP1U,3,ABLA,39,387,1,2016,8
RP1U,3,ABLA,39,387,1,2017,26
RP1U,3,ABLA,39,387,1,2018,0
RP1U,3,PIEN,42,169,1,2016,138
RP1U,3,PIEN,42,169,1,2017,1
RP1U,3,PIEN,42,169,1,2018,25
RP1U,4,ABLA,43.2,372,1,2016,11
RP1U,4,ABLA,43.2,372,1,2017,47
RP1U,4,ABLA,43.2,372,1,2018,1
RP1U,4,PIEN,54.2,465,1,2016,2
RP1U,4,PIEN,54.2,465,1,2017,25
RP1U,4,PIEN,54.2,465,1,2018,0
RP1U,5,ABLA,41,366,1,2016,20
RP1U,5,ABLA,41,366,1,2017,33
RP1U,5,ABLA,41,366,1,2018,0
RP1U,5,PIEN,33,231,1,2016,284
RP1U,5,PIEN,33,231,1,2017,2
RP1U,5,PIEN,33,231,1,2018,15
RP1U,6,ABLA,42,362,1,2016,22
RP1U,6,ABLA,42,362,1,2017,23
RP1U,6,ABLA,42,362,1,2018,0
RP1U,6,PIEN,35.8,NaN,1,2016,91
RP1U,6,PIEN,35.8,NaN,1,2017,145.5
RP1U,6,PIEN,35.8,NaN,1,2018,0
RP1U,7,ABLA,46.2,97,1,2016,63
RP1U,7,ABLA,46.2,97,1,2017,0
RP1U,7,ABLA,46.2,97,1,2018,0
RP1U,7,PIEN,43.5,319,1,2016,113
RP1U,7,PIEN,43.5,319,1,2017,4
RP1U,7,PIEN,43.5,319,1,2018,0
RP1U,8,ABLA,30.2,304,1,2016,18
RP1U,8,ABLA,30.2,304,1,2017,1
RP1U,8,ABLA,30.2,304,1,2018,0
RP1U,8,PIEN,64.3,594,1,2016,193
RP1U,8,PIEN,64.3,594,1,2017,16
RP1U,8,PIEN,64.3,594,1,2018,0
RP1U,9,ABLA,19.2,245,2,2016,18
RP1U,9,ABLA,19.2,245,2,2017,46
RP1U,9,ABLA,19.2,245,2,2018,0
RP1U,9,PIEN,21.1,141,2,2016,22
RP1U,9,PIEN,21.1,141,2,2017,78
RP1U,9,PIEN,21.1,141,2,2018,4
RP1U,10,ABLA,14.7,110,2,2016,60
RP1U,10,ABLA,14.7,110,2,2017,26
RP1U,10,ABLA,14.7,110,2,2018,1
RP1U,10,PIEN,25.5,135,2,2016,218
RP1U,10,PIEN,25.5,135,2,2017,14
RP1U,10,PIEN,25.5,135,2,2018,0
RP1U,11,ABLA,20.5,100,2,2016,94
RP1U,11,ABLA,20.5,100,2,2017,10
RP1U,11,ABLA,20.5,100,2,2018,0
RP1U,11,PIEN,36.3,270,2,2016,76
RP1U,11,PIEN,36.3,270,2,2017,3
RP1U,11,PIEN,36.3,270,2,2018,3
RP1U,12,ABLA,15,134,2,2016,12
RP1U,12,ABLA,15,134,2,2017,0
RP1U,12,ABLA,15,134,2,2018,0
RP1U,12,PIEN,26,191,2,2016,146
RP1U,12,PIEN,26,191,2,2017,30
RP1U,12,PIEN,26,191,2,2018,0
RP1U,13,ABLA,22.9,196,2,2016,37
RP1U,13,ABLA,22.9,196,2,2017,0
RP1U,13,ABLA,22.9,196,2,2018,0
RP1U,13,PIEN,23.8,212,2,2016,201
RP1U,13,PIEN,23.8,212,2,2017,30
RP1U,13,PIEN,23.8,212,2,2018,5
RP1U,14,ABLA,16.2,139,2,2016,18
RP1U,14,ABLA,16.2,139,2,2017,65
RP1U,14,ABLA,16.2,139,2,2018,0
RP1U,14,PIEN,18.8,142,2,2016,47
RP1U,14,PIEN,18.8,142,2,2017,33
RP1U,14,PIEN,18.8,142,2,2018,3
RP1U,15,ABLA,16.9,114,2,2016,2
RP1U,15,ABLA,16.9,114,2,2017,0
RP1U,15,ABLA,16.9,114,2,2018,2
RP1U,15,PIEN,14,122,2,2016,52
RP1U,15,PIEN,14,122,2,2017,8
RP1U,15,PIEN,14,122,2,2018,1
RP1U,16,ABLA,24.5,176,2,2016,9
RP1U,16,ABLA,24.5,176,2,2017,135
RP1U,16,ABLA,24.5,176,2,2018,0
RP1U,16,PIEN,23.8,267,2,2016,20
RP1U,16,PIEN,23.8,267,2,2017,30
RP1U,16,PIEN,23.8,267,2,2018,1
RP1U,17,ABLA,9.8,115,3,2016,4
RP1U,17,ABLA,9.8,115,3,2017,5
RP1U,17,ABLA,9.8,115,3,2018,0
RP1U,17,PIEN,5.2,116,3,2016,0
RP1U,17,PIEN,5.2,116,3,2017,0
RP1U,17,PIEN,5.2,116,3,2018,0
RP1U,18,ABLA,10.1,106,3,2016,5
RP1U,18,ABLA,10.1,106,3,2017,9
RP1U,18,ABLA,10.1,106,3,2018,0
RP1U,18,PIEN,10.8,137,3,2016,0
RP1U,18,PIEN,10.8,137,3,2017,0
RP1U,18,PIEN,10.8,137,3,2018,0
RP1U,19,ABLA,6.5,72,3,2016,0
RP1U,19,ABLA,6.5,72,3,2017,0
RP1U,19,ABLA,6.5,72,3,2018,0
RP1U,19,PIEN,9.7,100,3,2016,2
RP1U,19,PIEN,9.7,100,3,2017,2
RP1U,19,PIEN,9.7,100,3,2018,0
RP1U,20,ABLA,7.2,83,3,2016,0
RP1U,20,ABLA,7.2,83,3,2017,0
RP1U,20,ABLA,7.2,83,3,2018,0
RP1U,20,PIEN,9.9,79,3,2016,0
RP1U,20,PIEN,9.9,79,3,2017,0
RP1U,20,PIEN,9.9,79,3,2018,0
RP1U,21,ABLA,6,92,3,2016,0
RP1U,21,ABLA,6,92,3,2017,1
RP1U,21,ABLA,6,92,3,2018,0
RP1U,22,ABLA,8.2,92,3,2016,0
RP1U,22,ABLA,8.2,92,3,2017,0
RP1U,22,ABLA,8.2,92,3,2018,0
RP1U,22,PIEN,8,99,3,2016,0
RP1U,22,PIEN,8,99,3,2017,0
RP1U,22,PIEN,8,99,3,2018,0
RP1U,23,ABLA,6.8,152,3,2016,0
RP1U,23,ABLA,6.8,152,3,2017,0
RP1U,23,ABLA,6.8,152,3,2018,0
RP1U,23,PIEN,6.7,126,3,2016,0
RP1U,23,PIEN,6.7,126,3,2017,0
RP1U,23,PIEN,6.7,126,3,2018,0
RP1U,24,ABLA,5.8,82,3,2016,0
RP1U,24,ABLA,5.8,82,3,2017,0
RP1U,24,ABLA,5.8,82,3,2018,0
RP1U,24,PIEN,7.8,122,3,2016,0
RP1U,24,PIEN,7.8,122,3,2017,3
RP1U,24,PIEN,7.8,122,3,2018,0
RP2B,1,ABLA,17.4,102,1,2016,5
RP2B,1,ABLA,17.4,102,1,2017,30
RP2B,1,ABLA,17.4,102,1,2018,7
RP2B,1,PIEN,36,142,1,2016,497
RP2B,1,PIEN,36,142,1,2017,10
RP2B,1,PIEN,36,142,1,2018,1
RP2B,2,ABLA,19.4,100,1,2016,5
RP2B,2,ABLA,19.4,100,1,2017,0
RP2B,2,ABLA,19.4,100,1,2018,0
RP2B,2,PIEN,33.7,153,1,2016,368
RP2B,2,PIEN,33.7,153,1,2017,140.5
RP2B,2,PIEN,33.7,153,1,2018,6
RP2B,3,ABLA,27,94,1,2016,22
RP2B,3,ABLA,27,94,1,2017,2
RP2B,3,ABLA,27,94,1,2018,0
RP2B,3,PIEN,27,135,1,2016,103
RP2B,3,PIEN,27,135,1,2017,45
RP2B,3,PIEN,27,135,1,2018,8
RP2B,4,ABLA,15.8,113,1,2016,0
RP2B,4,ABLA,15.8,113,1,2017,40
RP2B,4,ABLA,15.8,113,1,2018,0
RP2B,4,PIEN,25.2,132,1,2016,108
RP2B,4,PIEN,25.2,132,1,2017,40
RP2B,4,PIEN,25.2,132,1,2018,25
RP2B,5,ABLA,21.5,127,1,2016,29
RP2B,5,ABLA,21.5,127,1,2017,0
RP2B,5,ABLA,21.5,127,1,2018,0
RP2B,5,PIEN,24,110,1,2016,0
RP2B,5,PIEN,24,110,1,2017,103
RP2B,5,PIEN,24,110,1,2018,2
RP2B,6,ABLA,29.2,131,1,2016,33
RP2B,6,ABLA,29.2,131,1,2017,1
RP2B,6,ABLA,29.2,131,1,2018,0
RP2B,6,PIEN,35,143,1,2016,33
RP2B,6,PIEN,35,143,1,2017,22
RP2B,6,PIEN,35,143,1,2018,0
RP2B,7,ABLA,32,159,1,2016,2
RP2B,7,ABLA,32,159,1,2017,4
RP2B,7,ABLA,32,159,1,2018,0
RP2B,7,PIEN,27.3,171,1,2016,39
RP2B,7,PIEN,27.3,171,1,2017,180.5
RP2B,7,PIEN,27.3,171,1,2018,0
RP2B,8,ABLA,21,141,1,2016,25
RP2B,8,ABLA,21,141,1,2017,20
RP2B,8,ABLA,21,141,1,2018,0
RP2B,8,PIEN,27.5,147,1,2016,31
RP2B,8,PIEN,27.5,147,1,2017,37
RP2B,8,PIEN,27.5,147,1,2018,1
RP2B,9,ABLA,18.3,109,2,2016,0
RP2B,9,ABLA,18.3,109,2,2017,0
RP2B,9,ABLA,18.3,109,2,2018,0
RP2B,9,PIEN,10.5,133,2,2016,72
RP2B,9,PIEN,10.5,133,2,2017,22
RP2B,9,PIEN,10.5,133,2,2018,0
RP2B,10,ABLA,12,102,2,2016,0
RP2B,10,ABLA,12,102,2,2017,0
RP2B,10,ABLA,12,102,2,2018,0
RP2B,10,PIEN,21,135,2,2016,22
RP2B,10,PIEN,21,135,2,2017,40
RP2B,10,PIEN,21,135,2,2018,1
RP2B,11,ABLA,15.5,91,2,2016,9
RP2B,11,ABLA,15.5,91,2,2017,12
RP2B,11,ABLA,15.5,91,2,2018,0
RP2B,11,PIEN,21,110,2,2016,62
RP2B,11,PIEN,21,110,2,2017,72
RP2B,11,PIEN,21,110,2,2018,2
RP2B,12,ABLA,9.8,105,2,2016,0
RP2B,12,ABLA,9.8,105,2,2017,0
RP2B,12,ABLA,9.8,105,2,2018,1
RP2B,12,PIEN,19,96,2,2016,17
RP2B,12,PIEN,19,96,2,2017,45
RP2B,12,PIEN,19,96,2,2018,0
RP2B,13,ABLA,12.2,102,2,2016,2
RP2B,13,ABLA,12.2,102,2,2017,1
RP2B,13,ABLA,12.2,102,2,2018,0
RP2B,13,PIEN,15.2,116,2,2016,48
RP2B,13,PIEN,15.2,116,2,2017,33
RP2B,13,PIEN,15.2,116,2,2018,11
RP2B,14,ABLA,12.5,89,2,2016,4
RP2B,14,ABLA,12.5,89,2,2017,2
RP2B,14,ABLA,12.5,89,2,2018,0
RP2B,14,PIEN,14,120,2,2016,27
RP2B,14,PIEN,14,120,2,2017,24
RP2B,14,PIEN,14,120,2,2018,8
RP2B,15,ABLA,8,73,2,2016,0
RP2B,15,ABLA,8,73,2,2017,0
RP2B,15,ABLA,8,73,2,2018,0
RP2B,15,PIEN,17,176,2,2016,44
RP2B,15,PIEN,17,176,2,2017,22
RP2B,15,PIEN,17,176,2,2018,3
RP2B,16,ABLA,8.2,82,2,2016,0
RP2B,16,ABLA,8.2,82,2,2017,27
RP2B,16,ABLA,8.2,82,2,2018,0
RP2B,16,PIEN,20,146,2,2016,114
RP2B,16,PIEN,20,146,2,2017,39
RP2B,16,PIEN,20,146,2,2018,5
RP2B,17,ABLA,4.5,52,3,2016,0
RP2B,17,ABLA,4.5,52,3,2017,0
RP2B,17,ABLA,4.5,52,3,2018,0
RP2B,17,PIEN,9,71,3,2016,0
RP2B,17,PIEN,9,71,3,2017,0
RP2B,17,PIEN,9,71,3,2018,1
RP2B,18,ABLA,4.5,55,3,2016,0
RP2B,18,ABLA,4.5,55,3,2017,3
RP2B,18,ABLA,4.5,55,3,2018,0
RP2B,18,PIEN,9,107,3,2016,0
RP2B,18,PIEN,9,107,3,2017,0
RP2B,18,PIEN,9,107,3,2018,0
RP2B,19,ABLA,7.5,69,3,2016,0
RP2B,19,ABLA,7.5,69,3,2017,5
RP2B,19,ABLA,7.5,69,3,2018,0
RP2B,19,PIEN,8.5,106,3,2016,0
RP2B,19,PIEN,8.5,106,3,2017,0
RP2B,19,PIEN,8.5,106,3,2018,0
RP2B,20,ABLA,7.5,93,3,2016,0
RP2B,20,ABLA,7.5,93,3,2017,0
RP2B,20,ABLA,7.5,93,3,2018,0
RP2B,20,PIEN,8.5,92,3,2016,0
RP2B,20,PIEN,8.5,92,3,2017,0
RP2B,20,PIEN,8.5,92,3,2018,0
RP2B,21,ABLA,9.5,117,3,2016,0
RP2B,21,ABLA,9.5,117,3,2017,0
RP2B,21,ABLA,9.5,117,3,2018,0
RP2B,21,PIEN,6,83,3,2016,0
RP2B,21,PIEN,6,83,3,2017,0
RP2B,21,PIEN,6,83,3,2018,0
RP2B,22,ABLA,9.3,97,3,2016,1
RP2B,22,ABLA,9.3,97,3,2017,7
RP2B,22,ABLA,9.3,97,3,2018,0
RP2B,22,PIEN,4,58,3,2016,0
RP2B,22,PIEN,4,58,3,2017,0
RP2B,22,PIEN,4,58,3,2018,0
RP2B,23,ABLA,9,125,3,2016,0
RP2B,23,ABLA,9,125,3,2017,0
RP2B,23,ABLA,9,125,3,2018,0
RP2B,23,PIEN,5.3,66,3,2016,0
RP2B,23,PIEN,5.3,66,3,2017,0
RP2B,23,PIEN,5.3,66,3,2018,0
RP2B,24,ABLA,6,61,3,2016,0
RP2B,24,ABLA,6,61,3,2017,0
RP2B,24,ABLA,6,61,3,2018,0
RP2B,24,PIEN,6,58,3,2016,0
RP2B,24,PIEN,6,58,3,2017,0
RP2B,24,PIEN,6,58,3,2018,0
RP2B,25,ABLA,2,NaN,3,2016,NaN
RP2B,25,ABLA,2,NaN,3,2017,NaN
RP2B,25,ABLA,2,NaN,3,2018,0
RP2B,25,PIEN,19,100,2,2016,41
RP2B,25,PIEN,19,100,2,2017,1
RP2B,25,PIEN,19,100,2,2018,15
RP2B,26,ABLA,1,NaN,3,2016,NaN
RP2B,26,ABLA,1,NaN,3,2017,NaN
RP2B,26,ABLA,1,NaN,3,2018,0
RP2B,26,PIEN,2.5,NaN,3,2016,NaN
RP2B,26,PIEN,2.5,NaN,3,2017,NaN
RP2B,26,PIEN,2.5,NaN,3,2018,0
RP2B,27,PIEN,4,NaN,3,2016,NaN
RP2B,27,PIEN,4,NaN,3,2017,NaN
RP2B,27,PIEN,4,NaN,3,2018,0
RP3U,1,ABLA,40.5,324,1,2016,NaN
RP3U,1,ABLA,40.5,324,1,2017,21
RP3U,1,ABLA,40.5,324,1,2018,40
RP3U,1,PIEN,42.3,357,1,2016,NaN
RP3U,1,PIEN,42.3,357,1,2017,10
RP3U,1,PIEN,42.3,357,1,2018,3
RP3U,2,ABLA,42.5,113,1,2016,NaN
RP3U,2,ABLA,42.5,113,1,2017,121
RP3U,2,ABLA,42.5,113,1,2018,5
RP3U,2,PIEN,30.9,198,1,2016,NaN
RP3U,2,PIEN,30.9,198,1,2017,11
RP3U,2,PIEN,30.9,198,1,2018,45
RP3U,3,ABLA,28,158,1,2016,NaN
RP3U,3,ABLA,28,158,1,2017,2
RP3U,3,ABLA,28,158,1,2018,5
RP3U,3,PIEN,31.3,354,1,2016,NaN
RP3U,3,PIEN,31.3,354,1,2017,10
RP3U,3,PIEN,31.3,354,1,2018,120
RP3U,4,ABLA,31.2,298,1,2016,NaN
RP3U,4,ABLA,31.2,298,1,2017,53
RP3U,4,ABLA,31.2,298,1,2018,10
RP3U,4,PIEN,46,284,1,2016,NaN
RP3U,4,PIEN,46,284,1,2017,252.5
RP3U,4,PIEN,46,284,1,2018,90
RP3U,5,ABLA,32,NaN,1,2016,NaN
RP3U,5,ABLA,32,NaN,1,2017,0
RP3U,5,ABLA,32,NaN,1,2018,0
RP3U,5,PIEN,42.5,347,1,2016,NaN
RP3U,5,PIEN,42.5,347,1,2017,33
RP3U,5,PIEN,42.5,347,1,2018,2
RP3U,6,ABLA,34.5,289,1,2016,NaN
RP3U,6,ABLA,34.5,289,1,2017,8
RP3U,6,ABLA,34.5,289,1,2018,0
RP3U,6,PIEN,32.3,376,1,2016,NaN
RP3U,6,PIEN,32.3,376,1,2017,19
RP3U,6,PIEN,32.3,376,1,2018,4
RP3U,7,ABLA,28,186,1,2016,NaN
RP3U,7,ABLA,28,186,1,2017,108
RP3U,7,ABLA,28,186,1,2018,2
RP3U,7,PIEN,51.5,489,1,2016,NaN
RP3U,7,PIEN,51.5,489,1,2017,0
RP3U,7,PIEN,51.5,489,1,2018,17
RP3U,8,ABLA,18,176,1,2016,NaN
RP3U,8,ABLA,18,176,1,2017,0
RP3U,8,ABLA,18,176,1,2018,0
RP3U,8,PIEN,24.3,340,1,2016,NaN
RP3U,8,PIEN,24.3,340,1,2017,0
RP3U,8,PIEN,24.3,340,1,2018,5
RP3U,9,ABLA,16.8,136,2,2016,NaN
RP3U,9,ABLA,16.8,136,2,2017,11
RP3U,9,ABLA,16.8,136,2,2018,1
RP3U,9,PIEN,19.2,111,2,2016,NaN
RP3U,9,PIEN,19.2,111,2,2017,2
RP3U,9,PIEN,19.2,111,2,2018,30
RP3U,10,ABLA,18.1,169,2,2016,NaN
RP3U,10,ABLA,18.1,169,2,2017,20
RP3U,10,ABLA,18.1,169,2,2018,2
RP3U,10,PIEN,21.5,148,2,2016,NaN
RP3U,10,PIEN,21.5,148,2,2017,195
RP3U,10,PIEN,21.5,148,2,2018,40
RP3U,11,ABLA,13.8,111,2,2016,NaN
RP3U,11,ABLA,13.8,111,2,2017,38
RP3U,11,ABLA,13.8,111,2,2018,0
RP3U,11,PIEN,24.7,183,2,2016,NaN
RP3U,11,PIEN,24.7,183,2,2017,52
RP3U,11,PIEN,24.7,183,2,2018,20
RP3U,12,ABLA,18.3,152,2,2016,NaN
RP3U,12,ABLA,18.3,152,2,2017,0
RP3U,12,ABLA,18.3,152,2,2018,1
RP3U,12,PIEN,15.7,95,2,2016,NaN
RP3U,12,PIEN,15.7,95,2,2017,46
RP3U,12,PIEN,15.7,95,2,2018,12
RP3U,13,ABLA,22,272,2,2016,NaN
RP3U,13,ABLA,22,272,2,2017,12
RP3U,13,ABLA,22,272,2,2018,0
RP3U,13,PIEN,39.5,337,2,2016,NaN
RP3U,13,PIEN,39.5,337,2,2017,1
RP3U,13,PIEN,39.5,337,2,2018,5
RP3U,14,ABLA,17.4,162,2,2016,NaN
RP3U,14,ABLA,17.4,162,2,2017,8
RP3U,14,ABLA,17.4,162,2,2018,0
RP3U,14,PIEN,20.3,159,2,2016,NaN
RP3U,14,PIEN,20.3,159,2,2017,58
RP3U,14,PIEN,20.3,159,2,2018,6
RP3U,15,ABLA,17.8,167,2,2016,NaN
RP3U,15,ABLA,17.8,167,2,2017,2
RP3U,15,ABLA,17.8,167,2,2018,0
RP3U,15,PIEN,22.5,396,2,2016,NaN
RP3U,15,PIEN,22.5,396,2,2017,1
RP3U,15,PIEN,22.5,396,2,2018,0
RP3U,16,ABLA,20,108,2,2016,NaN
RP3U,16,ABLA,20,108,2,2017,45
RP3U,16,ABLA,20,108,2,2018,2
RP3U,16,PIEN,32.1,410,2,2016,NaN
RP3U,16,PIEN,32.1,410,2,2017,3
RP3U,16,PIEN,32.1,410,2,2018,3
RP3U,17,ABLA,9.8,119,3,2016,NaN
RP3U,17,ABLA,9.8,119,3,2017,18
RP3U,17,ABLA,9.8,119,3,2018,0
RP3U,17,PIEN,14,217,3,2016,NaN
RP3U,17,PIEN,14,217,3,2017,5
RP3U,17,PIEN,14,217,3,2018,1
RP3U,18,ABLA,7.1,120,3,2016,NaN
RP3U,18,ABLA,7.1,120,3,2017,0
RP3U,18,ABLA,7.1,120,3,2018,0
RP3U,18,PIEN,13.5,108,3,2016,NaN
RP3U,18,PIEN,13.5,108,3,2017,0
RP3U,18,PIEN,13.5,108,3,2018,0
RP3U,19,ABLA,5.5,136,3,2016,NaN
RP3U,19,ABLA,5.5,136,3,2017,0
RP3U,19,ABLA,5.5,136,3,2018,0
RP3U,19,PIEN,4.5,107,3,2016,NaN
RP3U,19,PIEN,4.5,107,3,2017,0
RP3U,19,PIEN,4.5,107,3,2018,0
RP3U,20,ABLA,4.5,61,3,2016,NaN
RP3U,20,ABLA,4.5,61,3,2017,0
RP3U,20,ABLA,4.5,61,3,2018,0
RP3U,20,PIEN,6.5,98,3,2016,NaN
RP3U,20,PIEN,6.5,98,3,2017,3
RP3U,20,PIEN,6.5,98,3,2018,5
RP3U,21,ABLA,8.2,119,3,2016,NaN
RP3U,21,ABLA,8.2,119,3,2017,0
RP3U,21,ABLA,8.2,119,3,2018,0
RP3U,21,PIEN,4.5,58,3,2016,NaN
RP3U,21,PIEN,4.5,58,3,2017,0
RP3U,21,PIEN,4.5,58,3,2018,0
RP3U,22,ABLA,4.5,85,3,2016,NaN
RP3U,22,ABLA,4.5,85,3,2017,0
RP3U,22,ABLA,4.5,85,3,2018,0
RP3U,22,PIEN,8.2,132,3,2016,NaN
RP3U,22,PIEN,8.2,132,3,2017,1
RP3U,22,PIEN,8.2,132,3,2018,2
RP3U,23,ABLA,9.8,154,3,2016,NaN
RP3U,23,ABLA,9.8,154,3,2017,2
RP3U,23,ABLA,9.8,154,3,2018,5
RP3U,23,PIEN,6.3,71,3,2016,NaN
RP3U,23,PIEN,6.3,71,3,2017,8
RP3U,23,PIEN,6.3,71,3,2018,0
RP3U,24,ABLA,5.3,113,3,2016,NaN
RP3U,24,ABLA,5.3,113,3,2017,0
RP3U,24,ABLA,5.3,113,3,2018,0
RP3U,24,PIEN,4.4,58,3,2016,NaN
RP3U,24,PIEN,4.4,58,3,2017,0
RP3U,24,PIEN,4.4,58,3,2018,0
SD1,1,ABLA,18.5,87,1,2016,18
SD1,1,ABLA,18.5,87,1,2017,270.5
SD1,1,ABLA,18.5,87,1,2018,0
SD1,1,PIEN,27.3,105,1,2016,160.5
SD1,1,PIEN,27.3,105,1,2017,324.5
SD1,1,PIEN,27.3,105,1,2018,88
SD1,2,ABLA,28,137,1,2016,7
SD1,2,ABLA,28,137,1,2017,7
SD1,2,ABLA,28,137,1,2018,0
SD1,2,PIEN,21,109,1,2016,147
SD1,2,PIEN,21,109,1,2017,220
SD1,2,PIEN,21,109,1,2018,95
SD1,3,ABLA,23,132,1,2016,0
SD1,3,ABLA,23,132,1,2017,5
SD1,3,ABLA,23,132,1,2018,1
SD1,3,PIEN,15,97,1,2016,2
SD1,3,PIEN,15,97,1,2017,23
SD1,3,PIEN,15,97,1,2018,6
SD1,4,ABLA,23.1,104,1,2016,9
SD1,4,ABLA,23.1,104,1,2017,11
SD1,4,ABLA,23.1,104,1,2018,10
SD1,4,PIEN,23,126,1,2016,450
SD1,4,PIEN,23,126,1,2017,105
SD1,4,PIEN,23,126,1,2018,48
SD1,5,ABLA,15.5,85,2,2016,0
SD1,5,ABLA,15.5,85,2,2017,2
SD1,5,ABLA,15.5,85,2,2018,0
SD1,5,PIEN,12,89,2,2016,0
SD1,5,PIEN,12,89,2,2017,49
SD1,5,PIEN,12,89,2,2018,2
SD1,6,ABLA,8.7,65,2,2016,0
SD1,6,ABLA,8.7,65,2,2017,6
SD1,6,ABLA,8.7,65,2,2018,0
SD1,6,PIEN,10,88,2,2016,0
SD1,6,PIEN,10,88,2,2017,0
SD1,6,PIEN,10,88,2,2018,0
SD1,7,ABLA,11.4,57,2,2016,71
SD1,7,ABLA,11.4,57,2,2017,4
SD1,7,ABLA,11.4,57,2,2018,0
SD1,7,PIEN,9.5,69,2,2016,2
SD1,7,PIEN,9.5,69,2,2017,1
SD1,7,PIEN,9.5,69,2,2018,0
SD1,8,ABLA,14,104,2,2016,0
SD1,8,ABLA,14,104,2,2017,5
SD1,8,ABLA,14,104,2,2018,0
SD1,8,PIEN,12,93,2,2016,3
SD1,8,PIEN,12,93,2,2017,64
SD1,8,PIEN,12,93,2,2018,14
SD1,9,ABLA,7.2,58,3,2016,1
SD1,9,ABLA,7.2,58,3,2017,5
SD1,9,ABLA,7.2,58,3,2018,1
SD1,9,PIEN,8,61,3,2016,0
SD1,9,PIEN,8,61,3,2017,0
SD1,9,PIEN,8,61,3,2018,0
SD1,10,ABLA,6.2,55,3,2016,0
SD1,10,ABLA,6.2,55,3,2017,10
SD1,10,ABLA,6.2,55,3,2018,2
SD1,10,PIEN,5,68,3,2016,0
SD1,10,PIEN,5,68,3,2017,0
SD1,10,PIEN,5,68,3,2018,0
SD1,11,ABLA,8.5,71,3,2016,0
SD1,11,ABLA,8.5,71,3,2017,0
SD1,11,ABLA,8.5,71,3,2018,0
SD1,11,PIEN,8,72,3,2016,0
SD1,11,PIEN,8,72,3,2017,0
SD1,11,PIEN,8,72,3,2018,0
SD1,12,ABLA,8.2,63,3,2016,0
SD1,12,ABLA,8.2,63,3,2017,10
SD1,12,ABLA,8.2,63,3,2018,1
SD1,12,PIEN,9,74,3,2016,0
SD1,12,PIEN,9,74,3,2017,5
SD1,12,PIEN,9,74,3,2018,0
SD1,13,ABLA,17,65,1,2016,5
SD1,13,ABLA,17,65,1,2017,4
SD1,13,ABLA,17,65,1,2018,4
SD1,13,PIEN,20.3,77,1,2016,193.5
SD1,13,PIEN,20.3,77,1,2017,78
SD1,13,PIEN,20.3,77,1,2018,12
SD1,14,ABLA,18.5,79,2,2016,0
SD1,14,ABLA,18.5,79,2,2017,15
SD1,14,ABLA,18.5,79,2,2018,0
SD1,14,PIEN,9.5,53,2,2016,0
SD1,14,PIEN,9.5,53,2,2017,5
SD1,14,PIEN,9.5,53,2,2018,0
SD1,15,ABLA,8,64,3,2016,0
SD1,15,ABLA,8,64,3,2017,9
SD1,15,ABLA,8,64,3,2018,0
SD1,15,PIEN,5.5,32,3,2016,0
SD1,15,PIEN,5.5,32,3,2017,0
SD1,15,PIEN,5.5,32,3,2018,0
SD1,16,ABLA,4.3,33,3,2016,0
SD1,16,ABLA,4.3,33,3,2017,0
SD1,16,ABLA,4.3,33,3,2018,0
SD1,16,PIEN,14,81,2,2016,79
SD1,16,PIEN,14,81,2,2017,359.5
SD1,16,PIEN,14,81,2,2018,0
SD1,17,ABLA,33,135,1,2016,55
SD1,17,ABLA,33,135,1,2017,17
SD1,17,ABLA,33,135,1,2018,10
SD1,17,PIEN,1,NaN,3,2016,NaN
SD1,17,PIEN,1,NaN,3,2017,NaN
SD1,17,PIEN,1,NaN,3,2018,0
SD1,18,PIEN,1.2,NaN,3,2016,NaN
SD1,18,PIEN,1.2,NaN,3,2017,NaN
SD1,18,PIEN,1.2,NaN,3,2018,0
SD1,19,PIEN,1,NaN,3,2016,NaN
SD1,19,PIEN,1,NaN,3,2017,NaN
SD1,19,PIEN,1,NaN,3,2018,0
SD1,20,PIEN,4,NaN,3,2016,NaN
SD1,20,PIEN,4,NaN,3,2017,NaN
SD1,20,PIEN,4,NaN,3,2018,0
SD2,1,ABLA,15.8,72,1,2016,0
SD2,1,ABLA,15.8,72,1,2017,1
SD2,1,ABLA,15.8,72,1,2018,0
SD2,1,PIEN,14,83,1,2016,9
SD2,1,PIEN,14,83,1,2017,29
SD2,1,PIEN,14,83,1,2018,4
SD2,2,ABLA,28.5,109,1,2016,1
SD2,2,ABLA,28.5,109,1,2017,2
SD2,2,ABLA,28.5,109,1,2018,0
SD2,2,PIEN,18.6,95,1,2016,100
SD2,2,PIEN,18.6,95,1,2017,377
SD2,2,PIEN,18.6,95,1,2018,53
SD2,3,ABLA,15,85,1,2016,2
SD2,3,ABLA,15,85,1,2017,0
SD2,3,ABLA,15,85,1,2018,0
SD2,3,PIEN,26.7,82,1,2016,126
SD2,3,PIEN,26.7,82,1,2017,7
SD2,3,PIEN,26.7,82,1,2018,55
SD2,4,PIEN,17.9,61,1,2016,0
SD2,4,PIEN,17.9,61,1,2017,13
SD2,4,PIEN,17.9,61,1,2018,21
SD2,5,ABLA,7,51,2,2016,22
SD2,5,ABLA,7,51,2,2017,4
SD2,5,ABLA,7,51,2,2018,42
SD2,5,PIEN,11.6,77,2,2016,3
SD2,5,PIEN,11.6,77,2,2017,244.5
SD2,5,PIEN,11.6,77,2,2018,0
SD2,6,ABLA,9.5,75,2,2016,0
SD2,6,ABLA,9.5,75,2,2017,0
SD2,6,ABLA,9.5,75,2,2018,0
SD2,6,PIEN,11.4,82,2,2016,5
SD2,6,PIEN,11.4,82,2,2017,51
SD2,6,PIEN,11.4,82,2,2018,21
SD2,7,ABLA,13.5,75,2,2016,0
SD2,7,ABLA,13.5,75,2,2017,2
SD2,7,ABLA,13.5,75,2,2018,0
SD2,7,PIEN,10.1,65,2,2016,0
SD2,7,PIEN,10.1,65,2,2017,4
SD2,7,PIEN,10.1,65,2,2018,1
SD2,8,ABLA,10.9,88,2,2016,1
SD2,8,ABLA,10.9,88,2,2017,6
SD2,8,ABLA,10.9,88,2,2018,1
SD2,8,PIEN,13.2,98,2,2016,0
SD2,8,PIEN,13.2,98,2,2017,133
SD2,8,PIEN,13.2,98,2,2018,12
SD2,9,ABLA,10,103,2,2016,0
SD2,9,ABLA,10,103,2,2017,2
SD2,9,ABLA,10,103,2,2018,0
SD2,9,PIEN,4.7,46,3,2016,0
SD2,9,PIEN,4.7,46,3,2017,11
SD2,9,PIEN,4.7,46,3,2018,2
SD2,10,ABLA,9,82,3,2016,0
SD2,10,ABLA,9,82,3,2017,0
SD2,10,ABLA,9,82,3,2018,0
SD2,10,PIEN,5,65,3,2016,0
SD2,10,PIEN,5,65,3,2017,0
SD2,10,PIEN,5,65,3,2018,0
SD2,11,ABLA,7.2,52,3,2016,0
SD2,11,ABLA,7.2,52,3,2017,0
SD2,11,ABLA,7.2,52,3,2018,0
SD2,11,PIEN,4,72,3,2016,0
SD2,11,PIEN,4,72,3,2017,0
SD2,11,PIEN,4,72,3,2018,0
SD2,12,ABLA,4.7,70,3,2016,0
SD2,12,ABLA,4.7,70,3,2017,0
SD2,12,ABLA,4.7,70,3,2018,0
SD2,12,PIEN,6,51,3,2016,0
SD2,12,PIEN,6,51,3,2017,0
SD2,12,PIEN,6,51,3,2018,0
SD2,13,ABLA,6.5,57,3,2016,0
SD2,13,ABLA,6.5,57,3,2017,1
SD2,13,ABLA,6.5,57,3,2018,0
SD2,13,PIEN,36.5,119,1,2016,1308.5
SD2,13,PIEN,36.5,119,1,2017,192
SD2,13,PIEN,36.5,119,1,2018,35
SD2,14,ABLA,8,58,3,2016,0
SD2,14,ABLA,8,58,3,2017,12
SD2,14,ABLA,8,58,3,2018,0
SD2,14,PIEN,9,61,2,2016,23
SD2,14,PIEN,9,61,2,2017,63
SD2,14,PIEN,9,61,2,2018,0
SD2,15,ABLA,4.5,61,3,2016,0
SD2,15,ABLA,4.5,61,3,2017,0
SD2,15,ABLA,4.5,61,3,2018,0
SD2,15,PIEN,9.5,51,3,2016,0
SD2,15,PIEN,9.5,51,3,2017,26
SD2,15,PIEN,9.5,51,3,2018,6
SD2,16,ABLA,2,NaN,3,2016,NaN
SD2,16,ABLA,2,NaN,3,2017,NaN
SD2,16,ABLA,2,NaN,3,2018,0
SD2,16,PIEN,1.2,NaN,3,2016,NaN
SD2,16,PIEN,1.2,NaN,3,2017,NaN
SD2,16,PIEN,1.2,NaN,3,2018,0
SD2,17,ABLA,4,NaN,3,2016,NaN
SD2,17,ABLA,4,NaN,3,2017,NaN
SD2,17,ABLA,4,NaN,3,2018,0
SD2,17,PIEN,3.5,NaN,3,2016,NaN
SD2,17,PIEN,3.5,NaN,3,2017,NaN
SD2,17,PIEN,3.5,NaN,3,2018,0
SD2,18,ABLA,2.5,NaN,3,2016,NaN
SD2,18,ABLA,2.5,NaN,3,2017,NaN
SD2,18,ABLA,2.5,NaN,3,2018,0
SD2,18,PIEN,2.1,NaN,3,2016,NaN
SD2,18,PIEN,2.1,NaN,3,2017,NaN
SD2,18,PIEN,2.1,NaN,3,2018,0
SD2,19,PIEN,2,NaN,3,2016,NaN
SD2,19,PIEN,2,NaN,3,2017,NaN
SD2,19,PIEN,2,NaN,3,2018,0
SD3,1,ABLA,15.7,77,1,2016,42
SD3,1,ABLA,15.7,77,1,2017,2
SD3,1,ABLA,15.7,77,1,2018,18
SD3,1,PIEN,28.7,138,1,2016,78
SD3,1,PIEN,28.7,138,1,2017,411.5
SD3,1,PIEN,28.7,138,1,2018,145
SD3,2,ABLA,21.5,103,1,2016,58
SD3,2,ABLA,21.5,103,1,2017,53
SD3,2,ABLA,21.5,103,1,2018,8
SD3,2,PIEN,29,151,1,2016,35
SD3,2,PIEN,29,151,1,2017,278.5
SD3,2,PIEN,29,151,1,2018,26
SD3,3,ABLA,23.8,89,1,2016,25
SD3,3,ABLA,23.8,89,1,2017,3
SD3,3,ABLA,23.8,89,1,2018,48
SD3,3,PIEN,32,151,1,2016,1170.5
SD3,3,PIEN,32,151,1,2017,190
SD3,3,PIEN,32,151,1,2018,110
SD3,4,ABLA,19,72,1,2016,97
SD3,4,ABLA,19,72,1,2017,13
SD3,4,ABLA,19,72,1,2018,5
SD3,4,PIEN,26.5,129,1,2016,349
SD3,4,PIEN,26.5,129,1,2017,875.5
SD3,4,PIEN,26.5,129,1,2018,95
SD3,5,ABLA,18,92,2,2016,2
SD3,5,ABLA,18,92,2,2017,7
SD3,5,ABLA,18,92,2,2018,0
SD3,5,PIEN,34.5,160,1,2016,313.5
SD3,5,PIEN,34.5,160,1,2017,96.5
SD3,5,PIEN,34.5,160,1,2018,105
SD3,6,ABLA,12.7,75,2,2016,0
SD3,6,ABLA,12.7,75,2,2017,7
SD3,6,ABLA,12.7,75,2,2018,0
SD3,6,PIEN,19,97,2,2016,114.5
SD3,6,PIEN,19,97,2,2017,283
SD3,6,PIEN,19,97,2,2018,4
SD3,7,ABLA,15,115,2,2016,12
SD3,7,ABLA,15,115,2,2017,35
SD3,7,ABLA,15,115,2,2018,27
SD3,7,PIEN,20,84,2,2016,103
SD3,7,PIEN,20,84,2,2017,250.5
SD3,7,PIEN,20,84,2,2018,1
SD3,8,ABLA,13.5,52,2,2016,1
SD3,8,ABLA,13.5,52,2,2017,2
SD3,8,ABLA,13.5,52,2,2018,7
SD3,8,PIEN,23.9,85,3,2016,124
SD3,8,PIEN,23.9,85,3,2017,258
SD3,8,PIEN,23.9,85,3,2018,31
SD3,9,ABLA,14.5,64,2,2016,0
SD3,9,ABLA,14.5,64,2,2017,9
SD3,9,ABLA,14.5,64,2,2018,0
SD3,9,PIEN,10.6,82,2,2016,103
SD3,9,PIEN,10.6,82,2,2017,330
SD3,9,PIEN,10.6,82,2,2018,65
SD3,10,ABLA,17.3,103,2,2016,13
SD3,10,ABLA,17.3,103,2,2017,0
SD3,10,ABLA,17.3,103,2,2018,16
SD3,10,PIEN,16.2,50,3,2016,137
SD3,10,PIEN,16.2,50,3,2017,NaN
SD3,10,PIEN,16.2,50,3,2018,31
SD3,11,ABLA,8,66,3,2016,0
SD3,11,ABLA,8,66,3,2017,0
SD3,11,ABLA,8,66,3,2018,0
SD3,11,PIEN,7,63,3,2016,0
SD3,11,PIEN,7,63,3,2017,0
SD3,11,PIEN,7,63,3,2018,0
SD3,12,ABLA,5.3,67,3,2016,0
SD3,12,ABLA,5.3,67,3,2017,0
SD3,12,ABLA,5.3,67,3,2018,0
SD3,12,PIEN,6.7,64,3,2016,0
SD3,12,PIEN,6.7,64,3,2017,0
SD3,12,PIEN,6.7,64,3,2018,1
SD3,13,ABLA,5.5,70,3,2016,0
SD3,13,ABLA,5.5,70,3,2017,0
SD3,13,ABLA,5.5,70,3,2018,1
SD3,13,PIEN,7,63,3,2016,0
SD3,13,PIEN,7,63,3,2017,0
SD3,13,PIEN,7,63,3,2018,5
SD3,14,ABLA,6.1,56,3,2016,0
SD3,14,ABLA,6.1,56,3,2017,0
SD3,14,ABLA,6.1,56,3,2018,0
SD3,14,PIEN,7.2,65,3,2016,0
SD3,14,PIEN,7.2,65,3,2017,14
SD3,14,PIEN,7.2,65,3,2018,6
SD3,15,ABLA,5.6,51,3,2016,0
SD3,15,ABLA,5.6,51,3,2017,5
SD3,15,ABLA,5.6,51,3,2018,1
SD3,15,PIEN,4.5,51,3,2016,0
SD3,15,PIEN,4.5,51,3,2017,5
SD3,15,PIEN,4.5,51,3,2018,7
SD3,16,ABLA,4,NaN,3,2016,NaN
SD3,16,ABLA,4,NaN,3,2017,NaN
SD3,16,ABLA,4,NaN,3,2018,0
SD3,16,PIEN,2,NaN,3,2016,NaN
SD3,16,PIEN,2,NaN,3,2017,NaN
SD3,16,PIEN,2,NaN,3,2018,0
SD3,17,ABLA,4,NaN,3,2016,NaN
SD3,17,ABLA,4,NaN,3,2017,NaN
SD3,17,ABLA,4,NaN,3,2018,0
SD3,17,PIEN,3.5,NaN,3,2016,NaN
SD3,17,PIEN,3.5,NaN,3,2017,NaN
SD3,17,PIEN,3.5,NaN,3,2018,0
SD3,18,ABLA,2,NaN,3,2016,NaN
SD3,18,ABLA,2,NaN,3,2017,NaN
SD3,18,ABLA,2,NaN,3,2018,0
SD3,18,PIEN,2.5,NaN,3,2016,NaN
SD3,18,PIEN,2.5,NaN,3,2017,NaN
SD3,18,PIEN,2.5,NaN,3,2018,0
SD3,19,ABLA,2,NaN,3,2016,NaN
SD3,19,ABLA,2,NaN,3,2017,NaN
SD3,19,ABLA,2,NaN,3,2018,0
SD3,19,PIEN,2,NaN,3,2016,NaN
SD3,19,PIEN,2,NaN,3,2017,NaN
SD3,19,PIEN,2,NaN,3,2018,0